Gene name,Primer sequences (5'–3)
Arg1 (ENSMUSG00000019987),Forward: CCTGGTGGTGAAGAGAACCTT Reverse: AGCTGGATGCTGTAGGGAAGT
I1b (ENSMUSG00000027398),Forward: CGTGGAGCAGTGTGAAATGG
Ptgs2 (ENSMUSG00000032487),Reverse: TGGTCCATGCGTGTCTTGT Forward: GGTCTGGGAGTGACGTGTTT
,Reverse: GAGATGGTGCCAGGTTCTTG
Src (ENSMUSG00000027646),Forward: GCAGCGTGGTGGTGGTAT Reverse: TGGTTCCTGGTCCAGGTAGG
Fos (ENSMUSG00000021250),Forward: ACAGCATCCACCACAGACCT
Clec7a (ENSMUSG00000079293),Reverse: TCCTGGTTGTTCTGGAGGTC
,Forward: ATGTTTCAGGCCAACATCCA
F10 (ENSMUSG00000031444),Reverse: TTGGTTGCTGGTAGGGTTTC Forward: CAGACATGGCAGGAGAAGTG
,Reverse: CGTCCAGGGTGGTCTTGA
Gm44851 (ENSMUSG00000108436),Forward: TGTGAAAGAGGATGAGCAACAG
,Reverse: TTTCTCAGTGAGGGTCATGG
Gm22748 (ENSMUSG00000064427),Forward: TGGAGCAGAGCTCAGGATG
,Reverse: CGGGTCTCGGTGTAGGTTT
Gm9831 (ENSMUSG00000105975),Forward: CGGGTCTTCTTGGTGTCTG
,Reverse: GGCCCTGATCAGAGTACCTG
GAPDH (ENSMUSG00000057666),Forward: TGCACCACCAACTGCTTAG
